Number,Name,Link,Size,Unit
1,c1710-[1]-adventerprisek9-mz.124-25d.image,https://unetlab.cloud/api/raw/?path=/UNETLAB%20I/addons/dynamips/c1710-[1]-adventerprisek9-mz.124-25d.image,54.81,MB
2,c1710-bk9no3r2sy-mz.124-23.image,https://unetlab.cloud/api/raw/?path=/UNETLAB%20I/addons/dynamips/c1710-bk9no3r2sy-mz.124-23.image,35.8,MB
3,c1760-[1]-adventerprisek9-mz.124-25d.image,https://unetlab.cloud/api/raw/?path=/UNETLAB%20I/addons/dynamips/c1760-[1]-adventerprisek9-mz.124-25d.image,54.81,MB
4,c2600-[1]-adventerprisek9_ivs-mz.124-25b.image,https://unetlab.cloud/api/raw/?path=/UNETLAB%20I/addons/dynamips/c2600-[1]-adventerprisek9_ivs-mz.124-25b.image,71.09,MB
5,c2600-[2]-advipservicesk9-mz.124-25b.image,https://unetlab.cloud/api/raw/?path=/UNETLAB%20I/addons/dynamips/c2600-[2]-advipservicesk9-mz.124-25b.image,66.84,MB
6,c2600-[3]-adventerprisek9-mz.124-25d.image,https://unetlab.cloud/api/raw/?path=/UNETLAB%20I/addons/dynamips/c2600-[3]-adventerprisek9-mz.124-25d.image,70.49,MB
7,c2691-[1]-adventerprisek9_ivs-mz.124-25d.image,https://unetlab.cloud/api/raw/?path=/UNETLAB%20I/addons/dynamips/c2691-[1]-adventerprisek9_ivs-mz.124-25d.image,77.53,MB
8,c2691-[2]advsecurityk9-mz.124-25d.image,https://unetlab.cloud/api/raw/?path=/UNETLAB%20I/addons/dynamips/c2691-[2]advsecurityk9-mz.124-25d.image,42.67,MB
9,c3640-[1]-a3js-mz.124-25d.image,https://unetlab.cloud/api/raw/?path=/UNETLAB%20I/addons/dynamips/c3640-[1]-a3js-mz.124-25d.image,62.65,MB
10,c3640-[2]-telco-mz.124-25d.image,https://unetlab.cloud/api/raw/?path=/UNETLAB%20I/addons/dynamips/c3640-[2]-telco-mz.124-25d.image,31.85,MB
11,c3660-[1]-jk9s2-mz.124-25d.image,https://unetlab.cloud/api/raw/?path=/UNETLAB%20I/addons/dynamips/c3660-[1]-jk9s2-mz.124-25d.image,72.53,MB
12,c3660-[2]-a3js-mz.124-25d.image,https://unetlab.cloud/api/raw/?path=/UNETLAB%20I/addons/dynamips/c3660-[2]-a3js-mz.124-25d.image,70.14,MB
13,c3660-[3]-is-mz.124-25d.image,https://unetlab.cloud/api/raw/?path=/UNETLAB%20I/addons/dynamips/c3660-[3]-is-mz.124-25d.image,64.4,MB
14,c3725-[1]-adventerprisek9-mz.124-25d.image,https://unetlab.cloud/api/raw/?path=/UNETLAB%20I/addons/dynamips/c3725-[1]-adventerprisek9-mz.124-25d.image,78.05,MB
15,c3725-[2]-advipservicesk9-mz.124-25d.image,https://unetlab.cloud/api/raw/?path=/UNETLAB%20I/addons/dynamips/c3725-[2]-advipservicesk9-mz.124-25d.image,74.59,MB
16,c3725-[3]-advsecurityk9-mz.124-25d.image,https://unetlab.cloud/api/raw/?path=/UNETLAB%20I/addons/dynamips/c3725-[3]-advsecurityk9-mz.124-25d.image,43.9,MB
17,c3725-adventerprisek9-mz.124-15.T14.image,https://unetlab.cloud/api/raw/?path=/UNETLAB%20I/addons/dynamips/c3725-adventerprisek9-mz.124-15.T14.image,93.33,MB
18,c3745-[1]-adventerprisek9-mz.124-25d.image,https://unetlab.cloud/api/raw/?path=/UNETLAB%20I/addons/dynamips/c3745-[1]-adventerprisek9-mz.124-25d.image,78.25,MB
19,c3745-[2]-advipservicesk9-mz.124-25d.image,https://unetlab.cloud/api/raw/?path=/UNETLAB%20I/addons/dynamips/c3745-[2]-advipservicesk9-mz.124-25d.image,74.76,MB
20,c3745-[3]-advsecurityk9-mz.124-25d.image,https://unetlab.cloud/api/raw/?path=/UNETLAB%20I/addons/dynamips/c3745-[3]-advsecurityk9-mz.124-25d.image,44.09,MB
21,c7200-[1]-a3jk9s-mz.124-25g.image,https://unetlab.cloud/api/raw/?path=/UNETLAB%20I/addons/dynamips/c7200-[1]-a3jk9s-mz.124-25g.image,68.22,MB
22,c7200-[10]-adventerprisek9-mz.151-4.M2.image,https://unetlab.cloud/api/raw/?path=/UNETLAB%20I/addons/dynamips/c7200-[10]-adventerprisek9-mz.151-4.M2.image,112.46,MB
23,c7200-[11]-advsecurityk9-mz.150-1.M9.image,https://unetlab.cloud/api/raw/?path=/UNETLAB%20I/addons/dynamips/c7200-[11]-advsecurityk9-mz.150-1.M9.image,92.03,MB
24,c7200-[2]-adventerprisek9-mz.152-4.M7.image,https://unetlab.cloud/api/raw/?path=/UNETLAB%20I/addons/dynamips/c7200-[2]-adventerprisek9-mz.152-4.M7.image,122.52,MB
25,c7200-[3]-advipservicesk9-mz.152-4.S2.image,https://unetlab.cloud/api/raw/?path=/UNETLAB%20I/addons/dynamips/c7200-[3]-advipservicesk9-mz.152-4.S2.image,83.47,MB
26,c7200-adventerprisek9-mz.152-4.S2.image,https://unetlab.cloud/api/raw/?path=/UNETLAB%20I/addons/dynamips/c7200-adventerprisek9-mz.152-4.S2.image,89.01,MB
27,c7200-adventerprisek9-mz.152-4.S6.image,https://unetlab.cloud/api/raw/?path=/UNETLAB%20I/addons/dynamips/c7200-adventerprisek9-mz.152-4.S6.image,89.25,MB